<manifest alg="2" build="2018.0.0.379" opt="false" iceEnabled="true" iceMarkupVersion="2" iceEnabledOptions="link,responsive,cachebuster,textStyling" exportTarget="other" domain="big-brand.club" resolutions="1x" timestamp="1614762854746">
  <folder name="css">
    <file name="site_global.css" crc="3841318502"/>
    <file name="index.css" crc="69322587" ref="index"/>
  </folder>
  <folder name="scripts">
    <file name="jquery-1.8.3.min.js" crc="209076791" ref="index"/>
    <file name="museutils.js" crc="3803043152" ref="index"/>
    <file name="whatinput.js" crc="86476730" ref="index"/>
    <file name="museconfig.js" crc="380897831" ref="index"/>
    <file name="jquery.watch.js" crc="99325471" ref="index"/>
    <file name="require.js" crc="4157109226" ref="index"/>
  </folder>
  <folder name="images">
    <file name="368px-google_2015_logosvg.png" crc="65508596" seo="true" ref="index">
      <caption webpage="index" alt=""/>
    </file>
    <file name="unnamed.png" crc="213440993" seo="true" ref="index">
      <caption webpage="index" alt=""/>
    </file>
    <file name="u1954-4.png" crc="4124079701" ref="index"/>
    <file name="u1961-6.png" crc="3860491143" ref="index"/>
    <file name="blank.gif" crc="4208392903" ref="index"/>
    <file name="u1963.png" crc="334332935" ref="index"/>
    <file name="u1963-r.png" crc="334332935" ref="index"/>
    <file name="вставленное изображение 1345x440.jpg" crc="4082445559" seo="true" ref="index">
      <caption webpage="index" alt=""/>
    </file>
    <file name="368px-google_2015_logosvg-u1967.png" crc="25529068" ref="index"/>
  </folder>
  <file name="index.html" crc="412551810" seo="true" mt="1614762830065" redirect="true"/>
</manifest>